setting_id,model,case_id,mean_abs_subgroup_bias
S01,Final Conditional,1,0.024702820383055296
S01,Final Conditional,2,0.03949321254732074
S01,Final Conditional,3,0.13746929350663628
S01,Final Conditional,4,0.015344226059712966
S01,Final Conditional,5,0.0686075709621734
S01,Final Conditional,6,0.029776626804194368
S01,Final Conditional,7,0.14394189322956305
S01,Final Conditional,8,0.058592948196139666
S01,Final Conditional,9,0.13041948459393793
S01,Final Conditional,10,0.047617708994593465
S01,Final Conditional,11,0.14241254270587508
S01,Final Conditional,12,0.04513434912921666
S01,Final Conditional Oracle,1,0.045293101074196505
S01,Final Conditional Oracle,2,0.021067620659825603
S01,Final Conditional Oracle,3,0.06434990274347284
S01,Final Conditional Oracle,4,0.05980406884400153
S01,Final Conditional Oracle,5,0.08258559643326054
S01,Final Conditional Oracle,6,0.0359011057402199
S01,Final Conditional Oracle,7,0.06618370860834806
S01,Final Conditional Oracle,8,0.04687320806521147
S01,Final Conditional Oracle,9,0.04145599380783293
S01,Final Conditional Oracle,10,0.022513710694672732
S01,Final Conditional Oracle,11,0.021755159838473603
S01,Final Conditional Oracle,12,0.005217639742757488
S01,Revised Conditional,1,0.048722756563467334
S01,Revised Conditional,2,0.05631914307508116
S01,Revised Conditional,3,0.19956287070633172
S01,Revised Conditional,4,0.014292010566274667
S01,Revised Conditional,5,0.09511017974052127
S01,Revised Conditional,6,0.0459555911378261
S01,Revised Conditional,7,0.17241711342270405
S01,Revised Conditional,8,0.0071740609101098
S01,Revised Conditional,9,0.09670359985248393
S01,Revised Conditional,10,0.07638063561664347
S01,Revised Conditional,11,0.13584590612336034
S01,Revised Conditional,12,0.22155587103641708
S02,Final Conditional,1,0.09975041406873686
S02,Final Conditional,2,0.013138727750533234
S02,Final Conditional,3,0.17936314672885842
S02,Final Conditional,4,0.027454778323175832
S02,Final Conditional,5,0.07094931100282123
S02,Final Conditional,6,0.0156831821899755
S02,Final Conditional,7,0.2648610222704572
S02,Final Conditional,8,0.007747808793966668
S02,Final Conditional,9,0.05154497035936817
S02,Final Conditional,10,0.0898299566321515
S02,Final Conditional,11,0.047877440653567895
S02,Final Conditional,12,0.16009839662929704
S02,Final Conditional Oracle,1,0.06047334952529437
S02,Final Conditional Oracle,2,0.018775499748463566
S02,Final Conditional Oracle,3,0.03138369976034037
S02,Final Conditional Oracle,4,0.006731180376127067
S02,Final Conditional Oracle,5,0.0339250989010132
S02,Final Conditional Oracle,6,0.016626175611535298
S02,Final Conditional Oracle,7,0.05101327941102123
S02,Final Conditional Oracle,8,0.0040696441444659
S02,Final Conditional Oracle,9,0.023141230954541698
S02,Final Conditional Oracle,10,0.03901174072734163
S02,Final Conditional Oracle,11,0.05336429584463743
S02,Final Conditional Oracle,12,0.07474835241294363
S02,Revised Conditional,1,0.12054797186961563
S02,Revised Conditional,2,0.23082310073829745
S02,Revised Conditional,3,0.19083628196570482
S02,Revised Conditional,4,0.07467203719331657
S02,Revised Conditional,5,0.051465380422000696
S02,Revised Conditional,6,0.030812489954466334
S02,Revised Conditional,7,0.2368015429949175
S02,Revised Conditional,8,0.0912935763463435
S02,Revised Conditional,9,0.24341317378635322
S02,Revised Conditional,10,0.08713030167083403
S02,Revised Conditional,11,0.09171574439188994
S02,Revised Conditional,12,0.23230720576503439
S03,Final Conditional,1,0.052763074941009264
S03,Final Conditional,2,0.03512235091513153
S03,Final Conditional,3,0.19135331528188337
S03,Final Conditional,4,0.011132226209199333
S03,Final Conditional,5,0.0844055756278184
S03,Final Conditional,6,0.0165717744064072
S03,Final Conditional,7,0.18425019287703917
S03,Final Conditional,8,0.006396406665855233
S03,Final Conditional,9,0.049902124633465966
S03,Final Conditional,10,0.025963372568777232
S03,Final Conditional,11,0.0626290993005462
S03,Final Conditional,12,0.001498790135675183
S03,Final Conditional Oracle,1,0.008015986125658766
S03,Final Conditional Oracle,2,0.0224073724512503
S03,Final Conditional Oracle,3,0.023585099830762967
S03,Final Conditional Oracle,4,0.005114770915816433
S03,Final Conditional Oracle,5,0.058574317860565196
S03,Final Conditional Oracle,6,0.018733730143911668
S03,Final Conditional Oracle,7,0.0190496188939371
S03,Final Conditional Oracle,8,0.008195509725810367
S03,Final Conditional Oracle,9,0.05332139094787367
S03,Final Conditional Oracle,10,0.028850518424179402
S03,Final Conditional Oracle,11,0.033128263626921804
S03,Final Conditional Oracle,12,0.0005991816986993221
S03,Revised Conditional,1,0.068652053307092
S03,Revised Conditional,2,0.028878860296278966
S03,Revised Conditional,3,0.2349422354624393
S03,Revised Conditional,4,0.004768517980074834
S03,Revised Conditional,5,0.030525299868194068
S03,Revised Conditional,6,0.03847608747919363
S03,Revised Conditional,7,0.19130573780406998
S03,Revised Conditional,8,0.0018528243845338333
S03,Revised Conditional,9,0.0318334272839613
S03,Revised Conditional,10,0.02599679164767613
S03,Revised Conditional,11,0.2225672549686806
S03,Revised Conditional,12,0.015608660446633935
S04,Final Conditional,1,0.09056082399104193
S04,Final Conditional,2,0.05688356620112573
S04,Final Conditional,3,0.18296644248736216
S04,Final Conditional,4,0.03886242063821554
S04,Final Conditional,5,0.06256000217932203
S04,Final Conditional,6,0.07439277884588243
S04,Final Conditional,7,0.2438237544839383
S04,Final Conditional,8,0.047291440998596966
S04,Final Conditional,9,0.0091536470008387
S04,Final Conditional,10,0.03837793589580177
S04,Final Conditional,11,0.038747594456077034
S04,Final Conditional,12,0.012278478227632034
S04,Final Conditional Oracle,1,0.09291257685998322
S04,Final Conditional Oracle,2,0.043613572559490936
S04,Final Conditional Oracle,3,0.07346510708881322
S04,Final Conditional Oracle,4,0.01928399203722987
S04,Final Conditional Oracle,5,0.04769094786777117
S04,Final Conditional Oracle,6,0.0465261517934187
S04,Final Conditional Oracle,7,0.04537096517627506
S04,Final Conditional Oracle,8,0.019651660979799868
S04,Final Conditional Oracle,9,0.012125707689757766
S04,Final Conditional Oracle,10,0.038892909261184
S04,Final Conditional Oracle,11,0.0363497674785286
S04,Final Conditional Oracle,12,0.016329020123199398
S04,Revised Conditional,1,0.07036352864234256
S04,Revised Conditional,2,0.05914868640341477
S04,Revised Conditional,3,0.1748725185913179
S04,Revised Conditional,4,0.0562899835078298
S04,Revised Conditional,5,0.041213238956767366
S04,Revised Conditional,6,0.01984299718061103
S04,Revised Conditional,7,0.2739180113932722
S04,Revised Conditional,8,0.07710481172093324
S04,Revised Conditional,9,0.01835471579811083
S04,Revised Conditional,10,0.05154973210148157
S04,Revised Conditional,11,0.05248465924893823
S04,Revised Conditional,12,0.027063831384841336
S05,Final Conditional,1,0.03769667915558317
S05,Final Conditional,2,0.023407803066825633
S05,Final Conditional,3,0.17791510228429475
S05,Final Conditional,4,0.012626962444436734
S05,Final Conditional,5,0.04747990487323523
S05,Final Conditional,6,0.03455923875728703
S05,Final Conditional,7,0.23928949538239055
S05,Final Conditional,8,0.007260566689675734
S05,Final Conditional,9,0.09751426588752572
S05,Final Conditional,10,0.03618898662637077
S05,Final Conditional,11,0.06382856738301453
S05,Final Conditional,12,0.006188134494001567
S05,Final Conditional Oracle,1,0.029186243903668602
S05,Final Conditional Oracle,2,0.02613949826134357
S05,Final Conditional Oracle,3,0.0201499872008798
S05,Final Conditional Oracle,4,0.009982378878433366
S05,Final Conditional Oracle,5,0.024518707511813165
S05,Final Conditional Oracle,6,0.030145084107887132
S05,Final Conditional Oracle,7,0.02356708928036927
S05,Final Conditional Oracle,8,0.006266598773947866
S05,Final Conditional Oracle,9,0.08530401555772855
S05,Final Conditional Oracle,10,0.0156428929218424
S05,Final Conditional Oracle,11,0.0318311616450216
S05,Final Conditional Oracle,12,0.0019172872839718334
S05,Revised Conditional,1,0.0229210851833978
S05,Revised Conditional,2,0.06618818151841853
S05,Revised Conditional,3,0.16547955105172488
S05,Revised Conditional,4,0.020722836331055566
S05,Revised Conditional,5,0.04095596643476337
S05,Revised Conditional,6,0.0574798633291199
S05,Revised Conditional,7,0.25171923432412285
S05,Revised Conditional,8,0.015832344975766768
S05,Revised Conditional,9,0.09685190676542717
S05,Revised Conditional,10,0.07697293396289406
S05,Revised Conditional,11,0.0722669384342117
S05,Revised Conditional,12,0.031993655062678865
S06,Final Conditional,1,0.06323091319251173
S06,Final Conditional,2,0.023404855880614334
S06,Final Conditional,3,0.20667794454090269
S06,Final Conditional,4,0.018099533966597036
S06,Final Conditional,5,0.057285865790160595
S06,Final Conditional,6,0.011579363611821434
S06,Final Conditional,7,0.24037398260681733
S06,Final Conditional,8,0.009612800686971667
S06,Final Conditional,9,0.0206013064518225
S06,Final Conditional,10,0.020629505430896564
S06,Final Conditional,11,0.02399628551232083
S06,Final Conditional,12,0.010311732785596633
S06,Final Conditional Oracle,1,0.043134917578564504
S06,Final Conditional Oracle,2,0.020206925542334067
S06,Final Conditional Oracle,3,0.029028006852166232
S06,Final Conditional Oracle,4,0.008868037594864
S06,Final Conditional Oracle,5,0.013620461692272566
S06,Final Conditional Oracle,6,0.0190085519889796
S06,Final Conditional Oracle,7,0.036021252787316334
S06,Final Conditional Oracle,8,0.004195077414243967
S06,Final Conditional Oracle,9,0.025863030341122365
S06,Final Conditional Oracle,10,0.010663719771637834
S06,Final Conditional Oracle,11,0.015882146431789333
S06,Final Conditional Oracle,12,0.0105414835782118
S06,Revised Conditional,1,0.04355602885773093
S06,Revised Conditional,2,0.0131801920936947
S06,Revised Conditional,3,0.17680051388033594
S06,Revised Conditional,4,0.0115426794080554
S06,Revised Conditional,5,0.049287135307015804
S06,Revised Conditional,6,0.026047687641561696
S06,Revised Conditional,7,0.2526886584233946
S06,Revised Conditional,8,0.0533825613512681
S06,Revised Conditional,9,0.028831352396739198
S06,Revised Conditional,10,0.0356147646779332
S06,Revised Conditional,11,0.0241236108682375
S06,Revised Conditional,12,0.047160427490972136
S07,Final Conditional,1,0.08474004811167944
S07,Final Conditional,2,0.0209064872065348
S07,Final Conditional,3,0.2004885895370617
S07,Final Conditional,4,0.019748417638460032
S07,Final Conditional,5,0.08793551088413942
S07,Final Conditional,6,0.023345221804611866
S07,Final Conditional,7,0.2612750073150559
S07,Final Conditional,8,0.015331679633979899
S07,Final Conditional,9,0.06853883105604976
S07,Final Conditional,10,0.05285230338132963
S07,Final Conditional,11,0.0621557307406724
S07,Final Conditional,12,0.03593500535523703
S07,Final Conditional Oracle,1,0.0538821732913232
S07,Final Conditional Oracle,2,0.0228398426179348
S07,Final Conditional Oracle,3,0.0357614428345408
S07,Final Conditional Oracle,4,0.019532911908170667
S07,Final Conditional Oracle,5,0.07027585562961124
S07,Final Conditional Oracle,6,0.019583107776564267
S07,Final Conditional Oracle,7,0.026076138942053795
S07,Final Conditional Oracle,8,0.007883902360243066
S07,Final Conditional Oracle,9,0.0496758342702866
S07,Final Conditional Oracle,10,0.035863109547152966
S07,Final Conditional Oracle,11,0.036994827471302866
S07,Final Conditional Oracle,12,0.02605648651288947
S07,Revised Conditional,1,0.07348028558654084
S07,Revised Conditional,2,0.0171783027583762
S07,Revised Conditional,3,0.20102188295147919
S07,Revised Conditional,4,0.028728343122765936
S07,Revised Conditional,5,0.08098066191716531
S07,Revised Conditional,6,0.031299649993671
S07,Revised Conditional,7,0.19761535684127982
S07,Revised Conditional,8,0.011113842163655
S07,Revised Conditional,9,0.1438384451353593
S07,Revised Conditional,10,0.12052019821625766
S07,Revised Conditional,11,0.23110437578509838
S07,Revised Conditional,12,0.08527184397153635
S08,Final Conditional,1,0.04934966874157153
S08,Final Conditional,2,0.026271375846219233
S08,Final Conditional,3,0.19147762462357595
S08,Final Conditional,4,0.007820748272281667
S08,Final Conditional,5,0.10581546045784251
S08,Final Conditional,6,0.006989256036409301
S08,Final Conditional,7,0.16834005377692818
S08,Final Conditional,8,0.0077444452793721
S08,Final Conditional,9,0.040091077485509635
S08,Final Conditional,10,0.029897628772685
S08,Final Conditional,11,0.048987656165169306
S08,Final Conditional,12,0.009370744156752299
S08,Final Conditional Oracle,1,0.007722347277319234
S08,Final Conditional Oracle,2,0.013673312193620031
S08,Final Conditional Oracle,3,0.024774407767018867
S08,Final Conditional Oracle,4,0.007493607455621933
S08,Final Conditional Oracle,5,0.07620868546660281
S08,Final Conditional Oracle,6,0.0104820907211962
S08,Final Conditional Oracle,7,0.0033320726379523
S08,Final Conditional Oracle,8,0.009455955351192933
S08,Final Conditional Oracle,9,0.036146130737047935
S08,Final Conditional Oracle,10,0.027487375514415865
S08,Final Conditional Oracle,11,0.020695850805464166
S08,Final Conditional Oracle,12,0.0099361857445454
S08,Revised Conditional,1,0.06894030298891303
S08,Revised Conditional,2,0.021446541948419596
S08,Revised Conditional,3,0.23537293632102455
S08,Revised Conditional,4,0.0031746370707538
S08,Revised Conditional,5,0.0631606196811292
S08,Revised Conditional,6,0.021850465877122333
S08,Revised Conditional,7,0.17626248908977113
S08,Revised Conditional,8,0.006010610483053301
S08,Revised Conditional,9,0.045156308523328165
S08,Revised Conditional,10,0.029917058302056137
S08,Revised Conditional,11,0.2328314999909289
S08,Revised Conditional,12,0.017299265300655165
S09,Final Conditional,1,0.10469504323969177
S09,Final Conditional,2,0.06308594994568083
S09,Final Conditional,3,0.2587310851140654
S09,Final Conditional,4,0.0601773959407605
S09,Final Conditional,5,0.016302051308542367
S09,Final Conditional,6,0.06232186143853393
S09,Final Conditional,7,0.22803695734472088
S09,Final Conditional,8,0.06556372867590878
S09,Final Conditional,9,0.026083432934074665
S09,Final Conditional,10,0.005493287246692734
S09,Final Conditional,11,0.064207517136342
S09,Final Conditional,12,0.012554248413981934
S09,Final Conditional Oracle,1,0.051603910133132064
S09,Final Conditional Oracle,2,0.03947297623919533
S09,Final Conditional Oracle,3,0.019945781505353834
S09,Final Conditional Oracle,4,0.02818533735550917
S09,Final Conditional Oracle,5,0.06814846279531471
S09,Final Conditional Oracle,6,0.0177262170326772
S09,Final Conditional Oracle,7,0.0775905004234475
S09,Final Conditional Oracle,8,0.014466852787632366
S09,Final Conditional Oracle,9,0.02951072824924673
S09,Final Conditional Oracle,10,0.012773323579095665
S09,Final Conditional Oracle,11,0.0150472396348787
S09,Final Conditional Oracle,12,0.007521115401650034
S09,Revised Conditional,1,0.09535462609985518
S09,Revised Conditional,2,0.0976915763405455
S09,Revised Conditional,3,0.33921277353851864
S09,Revised Conditional,4,0.14382387461330023
S09,Revised Conditional,5,0.07576401339931703
S09,Revised Conditional,6,0.18989936737232008
S09,Revised Conditional,7,0.1333208957602053
S09,Revised Conditional,8,0.15887518735453118
S09,Revised Conditional,9,0.05551051522398087
S09,Revised Conditional,10,0.017470058155436667
S09,Revised Conditional,11,0.14115284282849003
S09,Revised Conditional,12,0.0335441649140715
S10,Final Conditional,1,0.0127768627970858
S10,Final Conditional,2,0.03094457138317293
S10,Final Conditional,3,0.18749754210793187
S10,Final Conditional,4,0.021712033569373734
S10,Final Conditional,5,0.09183328366635607
S10,Final Conditional,6,0.008453981103440101
S10,Final Conditional,7,0.27337484511434806
S10,Final Conditional,8,0.022185533099210435
S10,Final Conditional,9,0.04171700415822124
S10,Final Conditional,10,0.0297741441697623
S10,Final Conditional,11,0.06552411126732517
S10,Final Conditional,12,0.0257835182670417
S10,Final Conditional Oracle,1,0.031828999971099364
S10,Final Conditional Oracle,2,0.036233028421273766
S10,Final Conditional Oracle,3,0.005391215790088333
S10,Final Conditional Oracle,4,0.036608847356574
S10,Final Conditional Oracle,5,0.023312413091553467
S10,Final Conditional Oracle,6,0.010806245957857235
S10,Final Conditional Oracle,7,0.0226236293936177
S10,Final Conditional Oracle,8,0.0351297099643278
S10,Final Conditional Oracle,9,0.03150793919843314
S10,Final Conditional Oracle,10,0.01918100237540867
S10,Final Conditional Oracle,11,0.02818495624406127
S10,Final Conditional Oracle,12,0.010161697757965367
S10,Revised Conditional,1,0.0123174428621878
S10,Revised Conditional,2,0.08907939283845918
S10,Revised Conditional,3,0.20173156855897492
S10,Revised Conditional,4,0.07565869131076236
S10,Revised Conditional,5,0.030170444509066068
S10,Revised Conditional,6,0.0701614976696717
S10,Revised Conditional,7,0.22051929493592592
S10,Revised Conditional,8,0.12788206811744382
S10,Revised Conditional,9,0.0394959937235045
S10,Revised Conditional,10,0.0164058253898049
S10,Revised Conditional,11,0.0572881914136977
S10,Revised Conditional,12,0.030144401881223037
S11,Final Conditional,1,0.06581651032729867
S11,Final Conditional,2,0.03763468918681406
S11,Final Conditional,3,0.15265766267178008
S11,Final Conditional,4,0.06781241908690183
S11,Final Conditional,5,0.0991066907372753
S11,Final Conditional,6,0.055952053714147965
S11,Final Conditional,7,0.2586182983424918
S11,Final Conditional,8,0.07116492348262367
S11,Final Conditional,9,0.04825679759583176
S11,Final Conditional,10,0.011471643188957
S11,Final Conditional,11,0.08334759297824142
S11,Final Conditional,12,0.044770714743049396
S11,Final Conditional Oracle,1,0.02662150700876233
S11,Final Conditional Oracle,2,0.025107626045925768
S11,Final Conditional Oracle,3,0.0011390249080345334
S11,Final Conditional Oracle,4,0.038973869472301935
S11,Final Conditional Oracle,5,0.0400812288353228
S11,Final Conditional Oracle,6,0.04080855057868007
S11,Final Conditional Oracle,7,0.0268841997538746
S11,Final Conditional Oracle,8,0.04221935432670964
S11,Final Conditional Oracle,9,0.0209986600756388
S11,Final Conditional Oracle,10,0.018317507903224967
S11,Final Conditional Oracle,11,0.03824842789053847
S11,Final Conditional Oracle,12,0.017030851612104565
S11,Revised Conditional,1,0.010349346292951766
S11,Revised Conditional,2,0.19308222673462905
S11,Revised Conditional,3,0.09089653912474238
S11,Revised Conditional,4,0.0347851886183276
S11,Revised Conditional,5,0.13830785988020777
S11,Revised Conditional,6,0.2276777486037194
S11,Revised Conditional,7,0.35876891502811464
S11,Revised Conditional,8,0.03155968544603207
S11,Revised Conditional,9,0.135176764061351
S11,Revised Conditional,10,0.020159250006551468
S11,Revised Conditional,11,0.16579971723025697
S11,Revised Conditional,12,0.08823517327940873
S12,Final Conditional,1,0.021056485263262332
S12,Final Conditional,2,0.03185648441532763
S12,Final Conditional,3,0.1837087628350793
S12,Final Conditional,4,0.0203455133008192
S12,Final Conditional,5,0.03889144319400527
S12,Final Conditional,6,0.010741493361638467
S12,Final Conditional,7,0.16278643161958886
S12,Final Conditional,8,0.0244468398103501
S12,Final Conditional,9,0.027291075715552834
S12,Final Conditional,10,0.012433489890424934
S12,Final Conditional,11,0.06528338126790974
S12,Final Conditional,12,0.03560097521282867
S12,Final Conditional Oracle,1,0.030690223038433967
S12,Final Conditional Oracle,2,0.0304388976427906
S12,Final Conditional Oracle,3,0.02652275163868763
S12,Final Conditional Oracle,4,0.013406192893340033
S12,Final Conditional Oracle,5,0.03865615330502906
S12,Final Conditional Oracle,6,0.007958775863116666
S12,Final Conditional Oracle,7,0.0377876878594332
S12,Final Conditional Oracle,8,0.025633046194994402
S12,Final Conditional Oracle,9,0.017794244278631167
S12,Final Conditional Oracle,10,0.018601703820243565
S12,Final Conditional Oracle,11,0.06871152145518224
S12,Final Conditional Oracle,12,0.03458980914990573
S12,Revised Conditional,1,0.023419123398319464
S12,Revised Conditional,2,0.0344633586547659
S12,Revised Conditional,3,0.2603872404478227
S12,Revised Conditional,4,0.022311222418151765
S12,Revised Conditional,5,0.0455376817950228
S12,Revised Conditional,6,0.10171702464771447
S12,Revised Conditional,7,0.16247772452986456
S12,Revised Conditional,8,0.11223017851078064
S12,Revised Conditional,9,0.022876252567725436
S12,Revised Conditional,10,0.06299025268613556
S12,Revised Conditional,11,0.11177294241000546
S12,Revised Conditional,12,0.04758357382909347
S13,Final Conditional,1,0.0439289658692508
S13,Final Conditional,2,0.015497507462476
S13,Final Conditional,3,0.10941297759020184
S13,Final Conditional,4,0.008748474328321433
S13,Final Conditional,5,0.06831796100868687
S13,Final Conditional,6,0.007216511860846135
S13,Final Conditional,7,0.12927665233447613
S13,Final Conditional,8,0.022129338222520698
S13,Final Conditional,9,0.0200804783577607
S13,Final Conditional,10,0.0181716648997025
S13,Final Conditional,11,0.02172272773667677
S13,Final Conditional,12,0.007849168758936334
S13,Final Conditional Oracle,1,0.03550685363184924
S13,Final Conditional Oracle,2,0.0140975049612227
S13,Final Conditional Oracle,3,0.013614109520863366
S13,Final Conditional Oracle,4,0.011533267072296632
S13,Final Conditional Oracle,5,0.06493694906190907
S13,Final Conditional Oracle,6,0.0145495553155525
S13,Final Conditional Oracle,7,0.05068825744638574
S13,Final Conditional Oracle,8,0.017042654873214266
S13,Final Conditional Oracle,9,0.03941622045917193
S13,Final Conditional Oracle,10,0.021258094587317432
S13,Final Conditional Oracle,11,0.03522509055098594
S13,Final Conditional Oracle,12,0.008192520868650301
S13,Revised Conditional,1,0.09124116798058113
S13,Revised Conditional,2,0.06573258096521284
S13,Revised Conditional,3,0.08655372705356097
S13,Revised Conditional,4,0.12115163943867453
S13,Revised Conditional,5,0.20437438510610537
S13,Revised Conditional,6,0.0492274960334066
S13,Revised Conditional,7,0.09347973342415024
S13,Revised Conditional,8,0.027478110232757664
S13,Revised Conditional,9,0.028604198407284533
S13,Revised Conditional,10,0.024184772045808735
S13,Revised Conditional,11,0.15085694034303457
S13,Revised Conditional,12,0.025052615315945034
S14,Final Conditional,1,0.026278097796362768
S14,Final Conditional,2,0.06271618015742754
S14,Final Conditional,3,0.12072799017776449
S14,Final Conditional,4,0.042174234027742834
S14,Final Conditional,5,0.05482646496523976
S14,Final Conditional,6,0.03216755115048397
S14,Final Conditional,7,0.16636160706459943
S14,Final Conditional,8,0.0143977043802039
S14,Final Conditional,9,0.030421709224486403
S14,Final Conditional,10,0.04415473575662357
S14,Final Conditional,11,0.010158353351989299
S14,Final Conditional,12,0.021024661833651134
S14,Final Conditional Oracle,1,0.0307066543190477
S14,Final Conditional Oracle,2,0.0399516876732658
S14,Final Conditional Oracle,3,0.03460016383277443
S14,Final Conditional Oracle,4,0.0336317465344442
S14,Final Conditional Oracle,5,0.062387857108827736
S14,Final Conditional Oracle,6,0.014528425093580169
S14,Final Conditional Oracle,7,0.0331238047338943
S14,Final Conditional Oracle,8,0.011589180501128199
S14,Final Conditional Oracle,9,0.024199597189238864
S14,Final Conditional Oracle,10,0.023318875505799534
S14,Final Conditional Oracle,11,0.012384764539540967
S14,Final Conditional Oracle,12,0.005074709540036733
S14,Revised Conditional,1,0.09999466161158177
S14,Revised Conditional,2,0.014988596439632301
S14,Revised Conditional,3,0.2482888999405917
S14,Revised Conditional,4,0.009656241681282965
S14,Revised Conditional,5,0.0355705653929682
S14,Revised Conditional,6,0.1240979816937239
S14,Revised Conditional,7,0.15875289432633818
S14,Revised Conditional,8,0.043314687004220635
S14,Revised Conditional,9,0.05515300747478504
S14,Revised Conditional,10,0.4994354307296323
S14,Revised Conditional,11,0.0661849118627467
S14,Revised Conditional,12,0.19494124469019133
S15,Final Conditional,1,0.0326554746154745
S15,Final Conditional,2,0.011171356802304732
S15,Final Conditional,3,0.10933314866664294
S15,Final Conditional,4,0.018377432690442966
S15,Final Conditional,5,0.014778629200879
S15,Final Conditional,6,0.0306688840245312
S15,Final Conditional,7,0.15245770360340435
S15,Final Conditional,8,0.011775356230395865
S15,Final Conditional,9,0.0463511806606354
S15,Final Conditional,10,0.1086165105449351
S15,Final Conditional,11,0.054754138703335536
S15,Final Conditional,12,0.060884422159257
S15,Final Conditional Oracle,1,0.025603155793510565
S15,Final Conditional Oracle,2,0.0115647357576436
S15,Final Conditional Oracle,3,0.019373288538309733
S15,Final Conditional Oracle,4,0.024287290866373934
S15,Final Conditional Oracle,5,0.0127755710546633
S15,Final Conditional Oracle,6,0.028701637074515035
S15,Final Conditional Oracle,7,0.019213722214571932
S15,Final Conditional Oracle,8,0.0068376270160818665
S15,Final Conditional Oracle,9,0.057184204762595135
S15,Final Conditional Oracle,10,0.0743783353193271
S15,Final Conditional Oracle,11,0.035211872819771166
S15,Final Conditional Oracle,12,0.015506969230234901
S15,Revised Conditional,1,0.0429754405640403
S15,Revised Conditional,2,0.05338485490579114
S15,Revised Conditional,3,0.10156637280597053
S15,Revised Conditional,4,0.015880181572420566
S15,Revised Conditional,5,0.02428681560730267
S15,Revised Conditional,6,0.06498854566815516
S15,Revised Conditional,7,0.10757791920515801
S15,Revised Conditional,8,0.09109370619269896
S15,Revised Conditional,9,0.11120762447687939
S15,Revised Conditional,10,0.09191095066390494
S15,Revised Conditional,11,0.12926065405770945
S15,Revised Conditional,12,0.12527406761656656
S16,Final Conditional,1,0.12691606204322067
S16,Final Conditional,2,0.034430234354795634
S16,Final Conditional,3,0.0848597091560301
S16,Final Conditional,4,0.0239993459435167
S16,Final Conditional,5,0.0721829257747154
S16,Final Conditional,6,0.0444146093557363
S16,Final Conditional,7,0.08350802647564846
S16,Final Conditional,8,0.03222879765555637
S16,Final Conditional,9,0.0462141407088118
S16,Final Conditional,10,0.023873805968095435
S16,Final Conditional,11,0.04642523558480344
S16,Final Conditional,12,0.0357266109617644
S16,Final Conditional Oracle,1,0.12207995255005881
S16,Final Conditional Oracle,2,0.0427191517368172
S16,Final Conditional Oracle,3,0.0624255711164578
S16,Final Conditional Oracle,4,0.020395454604082364
S16,Final Conditional Oracle,5,0.07172910102829556
S16,Final Conditional Oracle,6,0.025465020551660767
S16,Final Conditional Oracle,7,0.06366819082623763
S16,Final Conditional Oracle,8,0.010969934336132801
S16,Final Conditional Oracle,9,0.0461135263015941
S16,Final Conditional Oracle,10,0.0231073118660652
S16,Final Conditional Oracle,11,0.020755927538984933
S16,Final Conditional Oracle,12,0.022092457054654402
S16,Revised Conditional,1,0.09667656446658772
S16,Revised Conditional,2,0.031818302032700335
S16,Revised Conditional,3,0.08980134134213692
S16,Revised Conditional,4,0.053110740914512795
S16,Revised Conditional,5,0.21604639083554877
S16,Revised Conditional,6,0.48269384156581946
S16,Revised Conditional,7,0.14850786739315047
S16,Revised Conditional,8,0.2997696743116535
S16,Revised Conditional,9,0.10547807614987054
S16,Revised Conditional,10,0.0114791530422179
S16,Revised Conditional,11,0.06087538466930414
S16,Revised Conditional,12,0.04641473920964464
S17,Final Conditional,1,0.020336077843200767
S17,Final Conditional,2,0.008038244125032734
S17,Final Conditional,3,0.1880813851782561
S17,Final Conditional,4,0.02887062027901027
S17,Final Conditional,5,0.05383391684691463
S17,Final Conditional,6,0.012099235833407801
S17,Final Conditional,7,0.15104924724147026
S17,Final Conditional,8,0.030890392370467066
S17,Final Conditional,9,0.03115449281796497
S17,Final Conditional,10,0.012357604335588267
S17,Final Conditional,11,0.022696503195427098
S17,Final Conditional,12,0.013024711778852635
S17,Final Conditional Oracle,1,0.023774200545272902
S17,Final Conditional Oracle,2,0.011605489823059765
S17,Final Conditional Oracle,3,0.0337575341151282
S17,Final Conditional Oracle,4,0.008514193540469632
S17,Final Conditional Oracle,5,0.06714368025704624
S17,Final Conditional Oracle,6,0.030036192660516936
S17,Final Conditional Oracle,7,0.03632204840781393
S17,Final Conditional Oracle,8,0.0110981389000938
S17,Final Conditional Oracle,9,0.02571410060556543
S17,Final Conditional Oracle,10,0.018440653862553464
S17,Final Conditional Oracle,11,0.018219345564904666
S17,Final Conditional Oracle,12,0.012648252909592534
S17,Revised Conditional,1,0.03040024438860413
S17,Revised Conditional,2,0.059766806135449706
S17,Revised Conditional,3,0.10473754201491951
S17,Revised Conditional,4,0.0474183886684502
S17,Revised Conditional,5,0.08493727455665297
S17,Revised Conditional,6,0.04369733994083653
S17,Revised Conditional,7,0.15954509122281121
S17,Revised Conditional,8,0.07480880771176544
S17,Revised Conditional,9,0.07499702034147837
S17,Revised Conditional,10,0.04848347428600857
S17,Revised Conditional,11,0.01893031211869293
S17,Revised Conditional,12,0.010781287907510699
S18,Final Conditional,1,0.03417715153704163
S18,Final Conditional,2,0.0121130951918003
S18,Final Conditional,3,0.15789402682811643
S18,Final Conditional,4,0.020187546026152067
S18,Final Conditional,5,0.03459132138641147
S18,Final Conditional,6,0.0357279125355694
S18,Final Conditional,7,0.13845640082005276
S18,Final Conditional,8,0.0110962441366309
S18,Final Conditional,9,0.02664774910768437
S18,Final Conditional,10,0.018437023580970133
S18,Final Conditional,11,0.07220724271484254
S18,Final Conditional,12,0.02480274847397927
S18,Final Conditional Oracle,1,0.01870449316687797
S18,Final Conditional Oracle,2,0.012938210280865831
S18,Final Conditional Oracle,3,0.06769224205352103
S18,Final Conditional Oracle,4,0.008095938778618866
S18,Final Conditional Oracle,5,0.05340844596377107
S18,Final Conditional Oracle,6,0.03727114452581964
S18,Final Conditional Oracle,7,0.02541321996959987
S18,Final Conditional Oracle,8,0.012836387740845069
S18,Final Conditional Oracle,9,0.027614489558896668
S18,Final Conditional Oracle,10,0.013770504433491234
S18,Final Conditional Oracle,11,0.022901431113119635
S18,Final Conditional Oracle,12,0.003735243201982067
S18,Revised Conditional,1,0.03625761952061083
S18,Revised Conditional,2,0.1247849174256392
S18,Revised Conditional,3,0.14835896473513419
S18,Revised Conditional,4,0.05595519789803253
S18,Revised Conditional,5,0.04540505562502443
S18,Revised Conditional,6,0.038819383042502965
S18,Revised Conditional,7,0.1263891903160797
S18,Revised Conditional,8,0.05525752820691823
S18,Revised Conditional,9,0.04454704199434557
S18,Revised Conditional,10,0.027583134070052067
S18,Revised Conditional,11,0.036623611324147994
S18,Revised Conditional,12,0.0219732308203552
S19,Final Conditional,1,0.014157158630243999
S19,Final Conditional,2,0.008233330217943
S19,Final Conditional,3,0.18380759630137708
S19,Final Conditional,4,0.014838983800185099
S19,Final Conditional,5,0.027046707777574768
S19,Final Conditional,6,0.020591049522326633
S19,Final Conditional,7,0.16583037166598993
S19,Final Conditional,8,0.04822998222152
S19,Final Conditional,9,0.04607568464663133
S19,Final Conditional,10,0.06167986433472553
S19,Final Conditional,11,0.014130445580909765
S19,Final Conditional,12,0.04240221144151923
S19,Final Conditional Oracle,1,0.026840193562665263
S19,Final Conditional Oracle,2,0.012574232095592332
S19,Final Conditional Oracle,3,0.018120869587972464
S19,Final Conditional Oracle,4,0.015325092391833666
S19,Final Conditional Oracle,5,0.019369328553117866
S19,Final Conditional Oracle,6,0.051882382640434065
S19,Final Conditional Oracle,7,0.029114875421406398
S19,Final Conditional Oracle,8,0.06626046267212557
S19,Final Conditional Oracle,9,0.032218037933969663
S19,Final Conditional Oracle,10,0.04125888014239667
S19,Final Conditional Oracle,11,0.013955670950408767
S19,Final Conditional Oracle,12,0.0366650775100901
S19,Revised Conditional,1,0.1078641206322427
S19,Revised Conditional,2,0.2726865655360307
S19,Revised Conditional,3,0.1130021998238272
S19,Revised Conditional,4,0.031903448124087734
S19,Revised Conditional,5,0.013598090755325034
S19,Revised Conditional,6,0.12811129750521763
S19,Revised Conditional,7,0.24870649189829439
S19,Revised Conditional,8,0.0756838027548693
S19,Revised Conditional,9,0.1094463140617085
S19,Revised Conditional,10,0.10216909665798928
S19,Revised Conditional,11,0.11089177547042567
S19,Revised Conditional,12,0.10944552129281489
S20,Final Conditional,1,0.0101791162632368
S20,Final Conditional,2,0.006855128107661867
S20,Final Conditional,3,0.11516449466768112
S20,Final Conditional,4,0.0195793493169802
S20,Final Conditional,5,0.08642341386888507
S20,Final Conditional,6,0.04002188801379047
S20,Final Conditional,7,0.0620659491218715
S20,Final Conditional,8,0.053080391864640565
S20,Final Conditional,9,0.011210915028354933
S20,Final Conditional,10,0.025056740515684798
S20,Final Conditional,11,0.012441321876914532
S20,Final Conditional,12,0.012869453558537166
S20,Final Conditional Oracle,1,0.017603458718880468
S20,Final Conditional Oracle,2,0.006157899155995901
S20,Final Conditional Oracle,3,0.014894145910662368
S20,Final Conditional Oracle,4,0.015479848242704132
S20,Final Conditional Oracle,5,0.05006041681951203
S20,Final Conditional Oracle,6,0.023429901863610603
S20,Final Conditional Oracle,7,0.04912910983800343
S20,Final Conditional Oracle,8,0.027958959043909267
S20,Final Conditional Oracle,9,0.012135414150093733
S20,Final Conditional Oracle,10,0.0275095721680364
S20,Final Conditional Oracle,11,0.0103465586101093
S20,Final Conditional Oracle,12,0.011173279419350134
S20,Revised Conditional,1,0.009786485835889
S20,Revised Conditional,2,0.05183766913115264
S20,Revised Conditional,3,0.0539058289141341
S20,Revised Conditional,4,0.022499200114292562
S20,Revised Conditional,5,0.2396624240912111
S20,Revised Conditional,6,0.04018672814473246
S20,Revised Conditional,7,0.0360568133507014
S20,Revised Conditional,8,0.061243977501922536
S20,Revised Conditional,9,0.024367363280817272
S20,Revised Conditional,10,0.019036302941333866
S20,Revised Conditional,11,0.033850890713128766
S20,Revised Conditional,12,0.042219311746950705
S21,Final Conditional,1,0.008485225232179467
S21,Final Conditional,2,0.0099623019288359
S21,Final Conditional,3,0.1344913179137047
S21,Final Conditional,4,0.0015146415240086333
S21,Final Conditional,5,0.035277158285529936
S21,Final Conditional,6,0.0236923294333468
S21,Final Conditional,7,0.13709831678058984
S21,Final Conditional,8,0.03726002652154403
S21,Final Conditional,9,0.03553099105930437
S21,Final Conditional,10,0.030172914508557264
S21,Final Conditional,11,0.03470986611132023
S21,Final Conditional,12,0.011428994805249768
S21,Final Conditional Oracle,1,0.0082553029241113
S21,Final Conditional Oracle,2,0.010391534963076874
S21,Final Conditional Oracle,3,0.009204570981098666
S21,Final Conditional Oracle,4,0.0022249412714813667
S21,Final Conditional Oracle,5,0.0388882407933914
S21,Final Conditional Oracle,6,0.03291478785228324
S21,Final Conditional Oracle,7,0.0132496747807678
S21,Final Conditional Oracle,8,0.024160012992127704
S21,Final Conditional Oracle,9,0.0194050293943938
S21,Final Conditional Oracle,10,0.007132946132951901
S21,Final Conditional Oracle,11,0.020227041674364968
S21,Final Conditional Oracle,12,0.017778294854603534
S21,Revised Conditional,1,0.021668532830795798
S21,Revised Conditional,2,0.007498930986225067
S21,Revised Conditional,3,0.24683598802354279
S21,Revised Conditional,4,0.08061213854432736
S21,Revised Conditional,5,0.06573271123656414
S21,Revised Conditional,6,0.0707505786015546
S21,Revised Conditional,7,0.06291681026997763
S21,Revised Conditional,8,0.02891380616663433
S21,Revised Conditional,9,0.06041622921344683
S21,Revised Conditional,10,0.0365168411331633
S21,Revised Conditional,11,0.04704703614116407
S21,Revised Conditional,12,0.15138703285994487
S22,Final Conditional,1,0.009232026133324966
S22,Final Conditional,2,0.012335127018382935
S22,Final Conditional,3,0.1234878216531974
S22,Final Conditional,4,0.016338865855451534
S22,Final Conditional,5,0.042796127284439565
S22,Final Conditional,6,0.035190568274563766
S22,Final Conditional,7,0.1350272226846461
S22,Final Conditional,8,0.009882262375451867
S22,Final Conditional,9,0.034438403609851
S22,Final Conditional,10,0.0449755747764633
S22,Final Conditional,11,0.030621687319224964
S22,Final Conditional,12,0.0260173040355831
S22,Final Conditional Oracle,1,0.013467521327213834
S22,Final Conditional Oracle,2,0.013678089662162933
S22,Final Conditional Oracle,3,0.04334733936349607
S22,Final Conditional Oracle,4,0.030613994356146434
S22,Final Conditional Oracle,5,0.048651829665980806
S22,Final Conditional Oracle,6,0.0237909148744568
S22,Final Conditional Oracle,7,0.012229909904544601
S22,Final Conditional Oracle,8,0.008885798485502966
S22,Final Conditional Oracle,9,0.04367759422433787
S22,Final Conditional Oracle,10,0.024616243404245664
S22,Final Conditional Oracle,11,0.018869608048965633
S22,Final Conditional Oracle,12,0.0037432780843202665
S22,Revised Conditional,1,0.0031977851620434666
S22,Revised Conditional,2,0.024588726112880963
S22,Revised Conditional,3,0.13454598707135912
S22,Revised Conditional,4,0.037832577563437164
S22,Revised Conditional,5,0.03511704182638283
S22,Revised Conditional,6,0.026061908064338866
S22,Revised Conditional,7,0.10573820078821006
S22,Revised Conditional,8,0.0099114687389636
S22,Revised Conditional,9,0.0432389731791794
S22,Revised Conditional,10,0.1171426426293037
S22,Revised Conditional,11,0.046047001745413096
S22,Revised Conditional,12,0.07532640224086314
